Rank,Player,Revenue
Up,413,50356.7175113
Same,781,89995.6698307
Down,732,69846.9328725
