Rank,Player,Revenue
Up,390,47208.18445
Same,761,87293.6531652
Down,775,73706.6164333
