Rank,Player,Revenue
Up,418,51018.3747045
Same,757,87255.5465317
Down,751,69250.4432971
