Weight,Feature
0.705664449966,Online_Tools_Sufficient
0.0948844432195,Online_Tools_Help
0.0291931302316,Team_Comparison
0.0176249688615,Satisfaction
0.0156855375143,Acct_Team_Satisfaction
0.0142118236565,Sales_Training
0.00905237703238,Partnership_Committed
0.00687154203155,Loyalty
0.00651787558853,Acct_Team_Engagement
0.00461851779776,Online_Tools_Timeliness
0.00453693602826,Acct_Team_Contribution
0.00442543803728,Operation_Support_Quality
0.00426920313778,Competitor_Comparison
0.00410588787954,Profit
0.00373108871317,Continue
0.00353934243049,Acct_Team_Sales_Support
0.00349103853109,Acct_Team_Breadth
0.00347905339288,Svc_Proj
0.00329141323307,Will_Recommend
0.00317710444822,Product_Quality
0.0030507382745,Communications
0.00298221916781,Acct_Team_Leadership
0.00285951526845,Ease
0.0028358973605,Online_Tools_Ease
0.00273635171225,Mktg_Proj
0.00273531299887,Support_Mgr_Quality
0.00259320073646,Prediction
0.00258325145704,Support_Quality
0.00251670156324,Support_Importance
0.00246366922488,Value
0.0023706347511,Acct_Team_Ability
0.00232478045059,Sales_Expectation
0.00232152203976,Service_Account_Team_Satisfaction
0.00215186344558,Acct_Team_Info
0.00214418437878,Online_Tools/Applications_Satisfaction
0.00212310691488,Online_Tools_Colloboration
0.00201940389327,Relationship
0.00199407264061,Online_Tools_Effectiveness
0.00194917826803,Acct_Team_Plan
0.00190685591881,Service_Sales_Support
0.00184471214811,Acct_Mgr_Quality
0.00161471349286,Solutions_Support
0.0016136474265,Service_Support
0.00152776785585,Acct_Team_Problem_Solver
0.00136165639901,Joint_Service_Delivery
0.00100387048043,Credit_Score
