Mean_Metric,Error
Squared,0.447288997946
Absolute,0.521173035152
Percentage,7.53385365183
